PassengerId,Transported
0013_01,
0018_01,
0019_01,
0021_01,
0023_01,
0027_01,
0029_01,
0032_01,
0032_02,
0033_01,
0037_01,
0040_01,
0040_02,
0042_01,
0046_01,
0046_02,
0046_03,
0047_01,
0047_02,
0047_03,
0048_01,
0049_01,
0054_01,
0054_02,
0054_03,
0055_01,
0057_01,
0059_01,
0060_01,
0063_01,
0065_01,
0075_01,
0079_01,
0080_01,
0083_01,
0087_01,
0089_01,
0093_01,
0094_01,
0094_02,
0095_01,
0096_01,
0100_01,
0100_02,
0104_01,
0106_01,
0109_01,
0117_01,
0118_01,
0121_01,
0124_01,
0125_01,
0125_02,
0130_01,
0131_01,
0132_01,
0135_01,
0137_01,
0142_01,
0142_02,
0142_03,
0143_01,
0145_01,
0150_01,
0150_02,
0153_01,
0154_01,
0155_01,
0156_01,
0157_01,
0158_01,
0158_02,
0159_01,
0161_01,
0162_01,
0166_01,
0168_01,
0175_01,
0175_02,
0175_03,
0175_04,
0175_05,
0176_01,
0180_01,
0184_01,
0185_01,
0187_01,
0191_01,
0194_01,
0194_02,
0194_03,
0204_01,
0208_01,
0209_01,
0214_01,
0214_02,
0215_01,
0218_01,
0226_01,
0227_01,
0228_01,
0228_02,
0228_03,
0228_04,
0230_01,
0230_02,
0235_01,
0236_01,
0238_01,
0247_01,
0247_02,
0249_01,
0256_01,
0259_01,
0262_01,
0264_01,
0264_02,
0264_03,
0266_01,
0266_02,
0268_01,
0268_02,
0271_01,
0272_01,
0273_01,
0273_02,
0273_03,
0274_01,
0274_02,
0276_01,
0276_02,
0279_01,
0280_01,
0284_01,
0292_01,
0293_01,
0295_01,
0296_01,
0299_01,
0300_01,
0308_01,
0311_01,
0312_01,
0317_01,
0318_01,
0319_01,
0319_02,
0323_01,
0325_01,
0328_01,
0329_01,
0332_01,
0335_01,
0339_01,
0339_02,
0339_03,
0339_04,
0339_05,
0339_06,
0339_07,
0339_08,
0342_01,
0342_02,
0344_01,
0344_02,
0349_01,
0349_02,
0349_03,
0349_04,
0349_05,
0349_06,
0351_01,
0353_01,
0353_02,
0354_01,
0362_01,
0363_01,
0363_02,
0363_03,
0364_01,
0364_02,
0366_01,
0367_01,
0374_01,
0374_02,
0386_01,
0390_01,
0393_01,
0394_01,
0399_01,
0400_01,
0404_01,
0406_01,
0414_01,
0416_01,
0418_01,
0419_01,
0419_02,
0419_03,
0420_01,
0421_01,
0422_01,
0424_01,
0426_01,
0440_01,
0443_01,
0450_01,
0451_01,
0455_01,
0464_01,
0467_01,
0467_02,
0467_03,
0467_04,
0469_01,
0473_01,
0478_01,
0478_02,
0479_01,
0483_01,
0483_02,
0484_01,
0486_01,
0489_01,
0489_02,
0491_01,
0492_01,
0493_01,
0494_01,
0494_02,
0495_01,
0495_02,
0495_03,
0495_04,
0495_05,
0495_06,
0496_01,
0496_02,
0497_01,
0505_01,
0508_01,
0509_01,
0511_01,
0514_01,
0524_01,
0526_01,
0530_01,
0530_02,
0530_03,
0532_01,
0532_02,
0535_01,
0536_01,
0536_02,
0541_01,
0543_01,
0544_01,
0554_01,
0557_01,
0557_02,
0558_01,
0562_01,
0562_02,
0574_01,
0578_01,
0578_02,
0584_01,
0584_02,
0592_01,
0595_01,
0601_01,
0604_01,
0605_01,
0606_01,
0613_01,
0613_02,
0616_01,
0617_01,
0620_01,
0620_02,
0620_03,
0621_01,
0622_01,
0624_01,
0625_01,
0625_02,
0625_03,
0626_01,
0626_02,
0626_03,
0627_01,
0632_01,
0632_02,
0632_03,
0640_01,
0640_02,
0648_01,
0648_02,
0649_01,
0651_01,
0652_01,
0652_02,
0652_03,
0652_04,
0652_05,
0654_01,
0662_01,
0666_01,
0666_02,
0667_01,
0670_01,
0670_02,
0673_01,
0675_01,
0676_01,
0681_01,
0692_01,
0694_01,
0695_01,
0698_01,
0700_01,
0706_01,
0708_01,
0708_02,
0711_01,
0716_01,
0717_01,
0717_02,
0717_03,
0717_04,
0717_05,
0717_06,
0717_07,
0720_01,
0720_02,
0720_03,
0721_01,
0722_01,
0723_01,
0725_01,
0730_01,
0731_01,
0731_02,
0735_01,
0739_01,
0741_01,
0742_01,
0742_02,
0744_01,
0745_01,
0747_01,
0748_01,
0748_02,
0749_01,
0751_01,
0752_01,
0755_01,
0758_01,
0758_02,
0758_03,
0759_01,
0759_02,
0759_03,
0760_01,
0763_01,
0763_02,
0766_01,
0774_01,
0774_02,
0774_03,
0775_01,
0775_02,
0775_03,
0775_04,
0775_05,
0775_06,
0778_01,
0778_02,
0780_01,
0783_01,
0792_01,
0800_01,
0801_01,
0803_01,
0804_01,
0807_01,
0810_01,
0812_01,
0814_01,
0821_01,
0827_01,
0827_02,
0827_03,
0831_01,
0832_01,
0837_01,
0837_02,
0838_01,
0838_02,
0841_01,
0842_01,
0843_01,
0844_01,
0847_01,
0852_01,
0854_01,
0855_01,
0856_01,
0857_01,
0858_01,
0858_02,
0861_01,
0862_01,
0864_01,
0864_02,
0864_03,
0866_01,
0872_01,
0880_01,
0880_02,
0882_01,
0884_01,
0884_02,
0886_01,
0886_02,
0886_03,
0887_01,
0887_02,
0888_01,
0888_02,
0891_01,
0892_01,
0892_02,
0892_03,
0894_01,
0895_01,
0896_01,
0897_01,
0897_02,
0900_01,
0908_01,
0909_01,
0909_02,
0909_03,
0914_01,
0916_01,
0917_01,
0920_01,
0929_01,
0934_01,
0936_01,
0937_01,
0943_01,
0943_02,
0943_03,
0945_01,
0945_02,
0948_01,
0950_01,
0954_01,
0958_01,
0959_01,
0962_01,
0963_01,
0967_01,
0973_01,
0974_01,
0977_01,
0980_01,
0981_01,
0981_02,
0986_01,
0986_02,
0996_01,
0999_01,
0999_02,
1003_01,
1007_01,
1009_01,
1010_01,
1016_01,
1021_01,
1023_01,
1028_01,
1037_01,
1039_01,
1042_01,
1044_01,
1050_01,
1055_01,
1059_01,
1059_02,
1061_01,
1064_01,
1064_02,
1067_01,
1069_01,
1070_01,
1072_01,
1072_02,
1072_03,
1072_04,
1072_05,
1072_06,
1072_07,
1072_08,
1073_01,
1074_01,
1074_02,
1081_01,
1087_01,
1090_01,
1090_02,
1092_01,
1098_01,
1101_01,
1103_01,
1104_01,
1106_01,
1106_02,
1107_01,
1109_01,
1111_01,
1111_02,
1111_03,
1118_01,
1118_02,
1118_03,
1118_04,
1118_05,
1119_01,
1119_02,
1120_01,
1122_01,
1124_01,
1124_02,
1124_03,
1125_01,
1125_02,
1126_01,
1128_01,
1128_02,
1131_01,
1135_01,
1135_02,
1135_03,
1135_04,
1137_01,
1137_02,
1138_01,
1139_01,
1143_01,
1145_01,
1145_02,
1145_03,
1145_04,
1151_01,
1157_01,
1158_01,
1158_02,
1159_01,
1159_02,
1159_03,
1160_01,
1164_01,
1171_01,
1172_01,
1176_01,
1181_01,
1183_01,
1183_02,
1183_03,
1184_01,
1184_02,
1189_01,
1194_01,
1196_01,
1196_02,
1200_01,
1201_01,
1201_02,
1202_01,
1204_01,
1205_01,
1207_01,
1207_02,
1207_03,
1207_04,
1209_01,
1209_02,
1217_01,
1217_02,
1219_01,
1219_02,
1224_01,
1224_02,
1226_01,
1226_02,
1227_01,
1237_01,
1241_01,
1244_01,
1245_01,
1247_01,
1249_01,
1251_01,
1252_01,
1253_01,
1257_01,
1257_02,
1257_03,
1257_04,
1262_01,
1262_02,
1265_01,
1266_01,
1268_01,
1270_01,
1272_01,
1275_01,
1276_01,
1277_01,
1290_01,
1296_01,
1297_01,
1298_01,
1301_01,
1301_02,
1301_03,
1303_01,
1305_01,
1313_01,
1314_01,
1315_01,
1318_01,
1319_01,
1319_02,
1320_01,
1320_02,
1320_03,
1321_01,
1321_02,
1321_03,
1321_04,
1327_01,
1329_01,
1334_01,
1338_01,
1338_02,
1339_01,
1341_01,
1341_02,
1341_03,
1343_01,
1343_02,
1343_03,
1344_01,
1346_01,
1349_01,
1349_02,
1354_01,
1354_02,
1354_03,
1354_04,
1354_05,
1354_06,
1354_07,
1358_01,
1358_02,
1359_01,
1361_01,
1361_02,
1363_01,
1364_01,
1364_02,
1367_01,
1369_01,
1369_02,
1369_03,
1372_01,
1373_01,
1374_01,
1388_01,
1392_01,
1394_01,
1396_01,
1405_01,
1409_01,
1409_02,
1411_01,
1418_01,
1422_01,
1422_02,
1422_03,
1429_01,
1432_01,
1432_02,
1436_01,
1437_01,
1441_01,
1446_01,
1448_01,
1449_01,
1456_01,
1459_01,
1464_01,
1466_01,
1468_01,
1469_01,
1469_02,
1470_01,
1471_01,
1471_02,
1471_03,
1471_04,
1471_05,
1472_01,
1473_01,
1473_02,
1475_01,
1476_01,
1477_01,
1477_02,
1480_01,
1482_01,
1483_01,
1486_01,
1487_01,
1487_02,
1492_01,
1492_02,
1494_01,
1495_01,
1495_02,
1496_01,
1497_01,
1497_02,
1502_01,
1502_02,
1502_03,
1502_04,
1504_01,
1505_01,
1508_01,
1512_01,
1513_01,
1514_01,
1516_01,
1517_01,
1518_01,
1518_02,
1519_01,
1522_01,
1530_01,
1534_01,
1534_02,
1535_01,
1537_01,
1538_01,
1538_02,
1546_01,
1549_01,
1553_01,
1553_02,
1554_01,
1554_02,
1556_01,
1557_01,
1559_01,
1559_02,
1563_01,
1566_01,
1570_01,
1571_01,
1574_01,
1575_01,
1582_01,
1582_02,
1583_01,
1586_01,
1587_01,
1587_02,
1589_01,
1591_01,
1591_02,
1598_01,
1598_02,
1600_01,
1605_01,
1607_01,
1609_01,
1610_01,
1616_01,
1618_01,
1620_01,
1623_01,
1627_01,
1629_01,
1629_02,
1629_03,
1629_04,
1629_05,
1629_06,
1639_01,
1641_01,
1642_01,
1643_01,
1648_01,
1652_01,
1654_01,
1664_01,
1665_01,
1665_02,
1667_01,
1675_01,
1678_01,
1679_01,
1680_01,
1680_02,
1683_01,
1684_01,
1686_01,
1689_01,
1689_02,
1689_03,
1692_01,
1693_01,
1701_01,
1702_01,
1703_01,
1706_01,
1707_01,
1716_01,
1720_01,
1722_01,
1726_01,
1726_02,
1726_03,
1732_01,
1735_01,
1737_01,
1741_01,
1741_02,
1741_03,
1743_01,
1744_01,
1750_01,
1751_01,
1751_02,
1754_01,
1756_01,
1759_01,
1765_01,
1773_01,
1777_01,
1777_02,
1780_01,
1784_01,
1787_01,
1788_01,
1789_01,
1790_01,
1790_02,
1791_01,
1791_02,
1793_01,
1793_02,
1794_01,
1795_01,
1801_01,
1801_02,
1809_01,
1814_01,
1814_02,
1814_03,
1815_01,
1819_01,
1820_01,
1824_01,
1825_01,
1825_02,
1830_01,
1832_01,
1835_01,
1835_02,
1837_01,
1838_01,
1839_01,
1840_01,
1842_01,
1845_01,
1851_01,
1851_02,
1852_01,
1852_02,
1852_03,
1852_04,
1858_01,
1862_01,
1862_02,
1862_03,
1867_01,
1869_01,
1870_01,
1875_01,
1876_01,
1883_01,
1885_01,
1893_01,
1894_01,
1895_01,
1896_01,
1900_01,
1904_01,
1909_01,
1909_02,
1909_03,
1910_01,
1910_02,
1910_03,
1910_04,
1912_01,
1913_01,
1913_02,
1913_03,
1914_01,
1917_01,
1919_01,
1921_01,
1921_02,
1924_01,
1929_01,
1930_01,
1932_01,
1934_01,
1936_01,
1943_01,
1944_01,
1948_01,
1948_02,
1949_01,
1951_01,
1951_02,
1954_01,
1955_01,
1958_01,
1965_01,
1966_01,
1970_01,
1972_01,
1982_01,
1986_01,
1987_01,
1989_01,
1990_01,
1990_02,
1998_01,
2002_01,
2004_01,
2005_01,
2005_02,
2008_01,
2014_01,
2016_01,
2016_02,
2017_01,
2017_02,
2018_01,
2020_01,
2021_01,
2023_01,
2023_02,
2023_03,
2025_01,
2030_01,
2031_01,
2033_01,
2035_01,
2035_02,
2036_01,
2036_02,
2036_03,
2037_01,
2037_02,
2039_01,
2039_02,
2039_03,
2047_01,
2048_01,
2049_01,
2050_01,
2057_01,
2057_02,
2057_03,
2057_04,
2057_05,
2058_01,
2064_01,
2068_01,
2068_02,
2068_03,
2068_04,
2068_05,
2069_01,
2072_01,
2072_02,
2076_01,
2077_01,
2078_01,
2079_01,
2079_02,
2079_03,
2093_01,
2098_01,
2101_01,
2101_02,
2103_01,
2108_01,
2108_02,
2109_01,
2113_01,
2119_01,
2119_02,
2122_01,
2132_01,
2146_01,
2146_02,
2151_01,
2155_01,
2157_01,
2160_01,
2160_02,
2160_03,
2165_01,
2166_01,
2169_01,
2170_01,
2174_01,
2176_01,
2178_01,
2181_01,
2184_01,
2184_02,
2185_01,
2192_01,
2197_01,
2199_01,
2208_01,
2213_01,
2214_01,
2216_01,
2217_01,
2218_01,
2222_01,
2226_01,
2227_01,
2230_01,
2236_01,
2240_01,
2240_02,
2240_03,
2242_01,
2244_01,
2245_01,
2245_02,
2246_01,
2246_02,
2247_01,
2248_01,
2249_01,
2250_01,
2259_01,
2259_02,
2260_01,
2265_01,
2271_01,
2276_01,
2276_02,
2283_01,
2285_01,
2286_01,
2290_01,
2292_01,
2293_01,
2294_01,
2297_01,
2304_01,
2307_01,
2307_02,
2307_03,
2307_04,
2307_05,
2322_01,
2323_01,
2324_01,
2326_01,
2328_01,
2330_01,
2331_01,
2334_01,
2335_01,
2337_01,
2342_01,
2343_01,
2343_02,
2344_01,
2344_02,
2346_01,
2350_01,
2350_02,
2350_03,
2351_01,
2351_02,
2352_01,
2354_01,
2355_01,
2355_02,
2355_03,
2355_04,
2358_01,
2359_01,
2362_01,
2370_01,
2370_02,
2370_03,
2370_04,
2371_01,
2372_01,
2378_01,
2378_02,
2380_01,
2380_02,
2381_01,
2383_01,
2383_02,
2386_01,
2388_01,
2388_02,
2393_01,
2394_01,
2394_02,
2394_03,
2400_01,
2405_01,
2407_01,
2408_01,
2415_01,
2418_01,
2420_01,
2422_01,
2422_02,
2425_01,
2425_02,
2425_03,
2425_04,
2425_05,
2425_06,
2428_01,
2430_01,
2430_02,
2430_03,
2434_01,
2434_02,
2437_01,
2440_01,
2447_01,
2448_01,
2448_02,
2450_01,
2459_01,
2464_01,
2465_01,
2468_01,
2469_01,
2469_02,
2473_01,
2481_01,
2481_02,
2482_01,
2482_02,
2484_01,
2484_02,
2485_01,
2487_01,
2487_02,
2487_03,
2490_01,
2493_01,
2493_02,
2494_01,
2494_02,
2495_01,
2501_01,
2504_01,
2507_01,
2511_01,
2514_01,
2517_01,
2525_01,
2529_01,
2533_01,
2536_01,
2538_01,
2538_02,
2539_01,
2543_01,
2554_01,
2556_01,
2563_01,
2566_01,
2567_01,
2567_02,
2568_01,
2569_01,
2570_01,
2575_01,
2576_01,
2577_01,
2577_02,
2579_01,
2583_01,
2585_01,
2586_01,
2587_01,
2587_02,
2600_01,
2603_01,
2603_02,
2604_01,
2608_01,
2610_01,
2611_01,
2612_01,
2613_01,
2614_01,
2615_01,
2620_01,
2621_01,
2623_01,
2630_01,
2630_02,
2630_03,
2632_01,
2637_01,
2637_02,
2637_03,
2639_01,
2644_01,
2653_01,
2654_01,
2656_01,
2665_01,
2667_01,
2667_02,
2667_03,
2667_04,
2667_05,
2669_01,
2673_01,
2674_01,
2674_02,
2680_01,
2681_01,
2686_01,
2689_01,
2694_01,
2694_02,
2696_01,
2699_01,
2705_01,
2710_01,
2710_02,
2711_01,
2715_01,
2715_02,
2716_01,
2716_02,
2719_01,
2719_02,
2719_03,
2728_01,
2731_01,
2733_01,
2735_01,
2742_01,
2744_01,
2749_01,
2757_01,
2761_01,
2761_02,
2766_01,
2767_01,
2771_01,
2775_01,
2776_01,
2777_01,
2779_01,
2782_01,
2791_01,
2794_01,
2794_02,
2794_03,
2794_04,
2794_05,
2794_06,
2794_07,
2800_01,
2803_01,
2804_01,
2808_01,
2808_02,
2815_01,
2815_02,
2815_03,
2816_01,
2827_01,
2828_01,
2829_01,
2830_01,
2833_01,
2836_01,
2841_01,
2842_01,
2844_01,
2845_01,
2845_02,
2848_01,
2848_02,
2848_03,
2849_01,
2850_01,
2850_02,
2850_03,
2850_04,
2851_01,
2855_01,
2864_01,
2868_01,
2868_02,
2868_03,
2868_04,
2874_01,
2879_01,
2885_01,
2886_01,
2889_01,
2895_01,
2896_01,
2898_01,
2898_02,
2903_01,
2904_01,
2904_02,
2911_01,
2914_01,
2915_01,
2916_01,
2917_01,
2918_01,
2921_01,
2922_01,
2923_01,
2924_01,
2931_01,
2931_02,
2932_01,
2933_01,
2937_01,
2939_01,
2946_01,
2946_02,
2946_03,
2946_04,
2947_01,
2951_01,
2952_01,
2955_01,
2957_01,
2963_01,
2967_01,
2973_01,
2974_01,
2976_01,
2976_02,
2976_03,
2976_04,
2977_01,
2977_02,
2977_03,
2978_01,
2980_01,
2981_01,
2985_01,
2987_01,
2989_01,
2991_01,
2997_01,
2997_02,
2997_03,
2997_04,
2999_01,
3002_01,
3007_01,
3008_01,
3008_02,
3008_03,
3008_04,
3008_05,
3008_06,
3011_01,
3016_01,
3016_02,
3016_03,
3016_04,
3017_01,
3028_01,
3031_01,
3035_01,
3037_01,
3037_02,
3041_01,
3043_01,
3046_01,
3049_01,
3051_01,
3052_01,
3056_01,
3057_01,
3058_01,
3059_01,
3069_01,
3072_01,
3074_01,
3075_01,
3077_01,
3077_02,
3078_01,
3078_02,
3078_03,
3078_04,
3086_01,
3089_01,
3094_01,
3097_01,
3098_01,
3101_01,
3105_01,
3105_02,
3105_03,
3106_01,
3107_01,
3108_01,
3109_01,
3115_01,
3122_01,
3122_02,
3125_01,
3125_02,
3127_01,
3129_01,
3135_01,
3137_01,
3139_01,
3141_01,
3144_01,
3146_01,
3148_01,
3148_02,
3150_01,
3151_01,
3153_01,
3153_02,
3154_01,
3155_01,
3155_02,
3156_01,
3157_01,
3160_01,
3165_01,
3167_01,
3170_01,
3173_01,
3177_01,
3178_01,
3183_01,
3186_01,
3187_01,
3190_01,
3190_02,
3194_01,
3198_01,
3199_01,
3202_01,
3207_01,
3208_01,
3214_01,
3222_01,
3226_01,
3228_01,
3231_01,
3233_01,
3234_01,
3242_01,
3244_01,
3244_02,
3244_03,
3245_01,
3245_02,
3246_01,
3249_01,
3249_02,
3250_01,
3251_01,
3257_01,
3261_01,
3263_01,
3264_01,
3265_01,
3265_02,
3265_03,
3265_04,
3266_01,
3267_01,
3277_01,
3278_01,
3281_01,
3285_01,
3285_02,
3286_01,
3288_01,
3290_01,
3290_02,
3291_01,
3302_01,
3303_01,
3306_01,
3307_01,
3316_01,
3320_01,
3320_02,
3321_01,
3333_01,
3334_01,
3335_01,
3340_01,
3341_01,
3341_02,
3344_01,
3344_02,
3345_01,
3345_02,
3345_03,
3346_01,
3347_01,
3347_02,
3351_01,
3351_02,
3354_01,
3355_01,
3356_01,
3358_01,
3362_01,
3362_02,
3366_01,
3367_01,
3368_01,
3368_02,
3368_03,
3368_04,
3368_05,
3368_06,
3368_07,
3369_01,
3373_01,
3374_01,
3375_01,
3376_01,
3378_01,
3379_01,
3385_01,
3388_01,
3393_01,
3398_01,
3399_01,
3400_01,
3407_01,
3407_02,
3411_01,
3411_02,
3411_03,
3411_04,
3411_05,
3411_06,
3411_07,
3414_01,
3416_01,
3427_01,
3429_01,
3435_01,
3436_01,
3448_01,
3448_02,
3451_01,
3452_01,
3457_01,
3460_01,
3463_01,
3466_01,
3471_01,
3472_01,
3477_01,
3477_02,
3479_01,
3481_01,
3482_01,
3482_02,
3493_01,
3494_01,
3494_02,
3498_01,
3500_01,
3502_01,
3503_01,
3505_01,
3507_01,
3508_01,
3508_02,
3509_01,
3509_02,
3510_01,
3513_01,
3513_02,
3513_03,
3513_04,
3516_01,
3517_01,
3522_01,
3524_01,
3526_01,
3529_01,
3532_01,
3538_01,
3541_01,
3544_01,
3544_02,
3545_01,
3549_01,
3549_02,
3551_01,
3554_01,
3557_01,
3571_01,
3574_01,
3575_01,
3580_01,
3580_02,
3581_01,
3583_01,
3585_01,
3587_01,
3587_02,
3587_03,
3589_01,
3589_02,
3589_03,
3589_04,
3589_05,
3589_06,
3589_07,
3590_01,
3593_01,
3599_01,
3601_01,
3601_02,
3601_03,
3601_04,
3601_05,
3601_06,
3601_07,
3603_01,
3603_02,
3604_01,
3611_01,
3617_01,
3617_02,
3617_03,
3618_01,
3618_02,
3618_03,
3618_04,
3621_01,
3621_02,
3623_01,
3627_01,
3632_01,
3633_01,
3635_01,
3635_02,
3637_01,
3638_01,
3643_01,
3646_01,
3646_02,
3649_01,
3651_01,
3656_01,
3656_02,
3657_01,
3657_02,
3657_03,
3659_01,
3659_02,
3659_03,
3659_04,
3659_05,
3659_06,
3659_07,
3661_01,
3663_01,
3666_01,
3669_01,
3670_01,
3672_01,
3672_02,
3673_01,
3675_01,
3675_02,
3675_03,
3676_01,
3683_01,
3683_02,
3684_01,
3684_02,
3685_01,
3687_01,
3689_01,
3694_01,
3695_01,
3696_01,
3697_01,
3698_01,
3701_01,
3701_02,
3701_03,
3709_01,
3712_01,
3712_02,
3712_03,
3712_04,
3712_05,
3717_01,
3717_02,
3718_01,
3720_01,
3720_02,
3720_03,
3721_01,
3722_01,
3723_01,
3725_01,
3727_01,
3730_01,
3731_01,
3738_01,
3740_01,
3746_01,
3746_02,
3746_03,
3746_04,
3762_01,
3763_01,
3764_01,
3764_02,
3766_01,
3766_02,
3780_01,
3782_01,
3782_02,
3791_01,
3792_01,
3794_01,
3799_01,
3800_01,
3802_01,
3806_01,
3808_01,
3809_01,
3809_02,
3813_01,
3819_01,
3825_01,
3827_01,
3828_01,
3828_02,
3828_03,
3829_01,
3829_02,
3833_01,
3834_01,
3837_01,
3840_01,
3843_01,
3844_01,
3844_02,
3845_01,
3855_01,
3858_01,
3858_02,
3858_03,
3858_04,
3859_01,
3860_01,
3861_01,
3863_01,
3865_01,
3869_01,
3876_01,
3876_02,
3876_03,
3877_01,
3878_01,
3880_01,
3881_01,
3882_01,
3884_01,
3885_01,
3887_01,
3889_01,
3889_02,
3891_01,
3892_01,
3892_02,
3893_01,
3893_02,
3893_03,
3900_01,
3901_01,
3902_01,
3905_01,
3906_01,
3906_02,
3908_01,
3908_02,
3910_01,
3914_01,
3918_01,
3920_01,
3925_01,
3925_02,
3929_01,
3934_01,
3934_02,
3943_01,
3943_02,
3943_03,
3947_01,
3951_01,
3953_01,
3956_01,
3957_01,
3965_01,
3969_01,
3972_01,
3975_01,
3978_01,
3979_01,
3982_01,
3983_01,
3989_01,
3989_02,
3989_03,
3989_04,
3990_01,
3993_01,
4004_01,
4007_01,
4011_01,
4012_01,
4012_02,
4015_01,
4015_02,
4024_01,
4025_01,
4028_01,
4029_01,
4041_01,
4048_01,
4048_02,
4048_03,
4051_01,
4052_01,
4054_01,
4054_02,
4054_03,
4056_01,
4057_01,
4059_01,
4059_02,
4062_01,
4067_01,
4070_01,
4070_02,
4070_03,
4073_01,
4073_02,
4074_01,
4077_01,
4085_01,
4086_01,
4086_02,
4086_03,
4087_01,
4088_01,
4092_01,
4094_01,
4094_02,
4100_01,
4105_01,
4111_01,
4117_01,
4118_01,
4119_01,
4121_01,
4122_01,
4123_01,
4124_01,
4126_01,
4133_01,
4133_02,
4136_01,
4136_02,
4138_01,
4139_01,
4146_01,
4148_01,
4153_01,
4155_01,
4157_01,
4161_01,
4162_01,
4164_01,
4180_01,
4180_02,
4187_01,
4190_01,
4192_01,
4193_01,
4195_01,
4198_01,
4200_01,
4201_01,
4202_01,
4202_02,
4209_01,
4217_01,
4224_01,
4224_02,
4226_01,
4226_02,
4227_01,
4228_01,
4234_01,
4234_02,
4235_01,
4235_02,
4236_01,
4236_02,
4241_01,
4247_01,
4247_02,
4248_01,
4248_02,
4250_01,
4263_01,
4263_02,
4263_03,
4265_01,
4268_01,
4268_02,
4269_01,
4275_01,
4276_01,
4277_01,
4279_01,
4281_01,
4282_01,
4283_01,
4284_01,
4284_02,
4285_01,
4286_01,
4286_02,
4286_03,
4287_01,
4288_01,
4288_02,
4290_01,
4298_01,
4298_02,
4298_03,
4299_01,
4304_01,
4307_01,
4308_01,
4310_01,
4313_01,
4314_01,
4321_01,
4322_01,
4323_01,
4323_02,
4323_03,
4323_04,
4325_01,
4326_01,
4328_01,
4331_01,
4341_01,
4341_02,
4342_01,
4353_01,
4355_01,
4363_01,
4374_01,
4375_01,
4377_01,
4377_02,
4377_03,
4378_01,
4378_02,
4379_01,
4380_01,
4381_01,
4381_02,
4384_01,
4385_01,
4385_02,
4385_03,
4389_01,
4394_01,
4398_01,
4406_01,
4412_01,
4414_01,
4417_01,
4418_01,
4419_01,
4419_02,
4420_01,
4420_02,
4421_01,
4423_01,
4425_01,
4425_02,
4434_01,
4435_01,
4435_02,
4439_01,
4439_02,
4442_01,
4443_01,
4443_02,
4454_01,
4455_01,
4455_02,
4455_03,
4458_01,
4460_01,
4468_01,
4471_01,
4478_01,
4480_01,
4481_01,
4484_01,
4488_01,
4489_01,
4495_01,
4499_01,
4503_01,
4504_01,
4507_01,
4513_01,
4519_01,
4520_01,
4523_01,
4523_02,
4523_03,
4523_04,
4523_05,
4523_06,
4525_01,
4526_01,
4527_01,
4528_01,
4536_01,
4540_01,
4541_01,
4545_01,
4548_01,
4551_01,
4551_02,
4551_03,
4551_04,
4554_01,
4556_01,
4566_01,
4578_01,
4579_01,
4582_01,
4582_02,
4582_03,
4582_04,
4582_05,
4582_06,
4582_07,
4583_01,
4583_02,
4583_03,
4584_01,
4588_01,
4589_01,
4590_01,
4598_01,
4599_01,
4600_01,
4600_02,
4601_01,
4614_01,
4614_02,
4616_01,
4618_01,
4619_01,
4626_01,
4626_02,
4627_01,
4629_01,
4636_01,
4639_01,
4639_02,
4639_03,
4639_04,
4639_05,
4639_06,
4647_01,
4660_01,
4666_01,
4669_01,
4670_01,
4671_01,
4671_02,
4671_03,
4671_04,
4674_01,
4675_01,
4675_02,
4681_01,
4682_01,
4683_01,
4683_02,
4685_01,
4687_01,
4688_01,
4692_01,
4697_01,
4698_01,
4700_01,
4701_01,
4701_02,
4701_03,
4701_04,
4702_01,
4702_02,
4703_01,
4703_02,
4705_01,
4705_02,
4707_01,
4707_02,
4715_01,
4716_01,
4718_01,
4722_01,
4724_01,
4727_01,
4727_02,
4729_01,
4731_01,
4734_01,
4735_01,
4736_01,
4737_01,
4740_01,
4742_01,
4745_01,
4747_01,
4747_02,
4749_01,
4751_01,
4760_01,
4761_01,
4761_02,
4761_03,
4765_01,
4766_01,
4767_01,
4768_01,
4768_02,
4771_01,
4776_01,
4776_02,
4776_03,
4776_04,
4779_01,
4781_01,
4789_01,
4799_01,
4799_02,
4799_03,
4800_01,
4802_01,
4802_02,
4805_01,
4806_01,
4809_01,
4811_01,
4812_01,
4816_01,
4820_01,
4820_02,
4821_01,
4824_01,
4825_01,
4826_01,
4833_01,
4833_02,
4834_01,
4835_01,
4839_01,
4843_01,
4843_02,
4844_01,
4849_01,
4852_01,
4854_01,
4855_01,
4855_02,
4858_01,
4859_01,
4860_01,
4861_01,
4865_01,
4867_01,
4869_01,
4872_01,
4877_01,
4894_01,
4905_01,
4906_01,
4907_01,
4908_01,
4914_01,
4919_01,
4921_01,
4922_01,
4926_01,
4928_01,
4931_01,
4935_01,
4935_02,
4935_03,
4936_01,
4947_01,
4948_01,
4949_01,
4949_02,
4953_01,
4955_01,
4957_01,
4959_01,
4960_01,
4962_01,
4966_01,
4966_02,
4967_01,
4968_01,
4969_01,
4969_02,
4971_01,
4976_01,
4982_01,
4984_01,
4984_02,
4985_01,
4986_01,
4988_01,
4993_01,
4994_01,
5001_01,
5002_01,
5011_01,
5022_01,
5024_01,
5024_02,
5024_03,
5024_04,
5024_05,
5026_01,
5029_01,
5029_02,
5030_01,
5031_01,
5031_02,
5033_01,
5033_02,
5037_01,
5038_01,
5038_02,
5041_01,
5043_01,
5043_02,
5043_03,
5045_01,
5046_01,
5047_01,
5049_01,
5053_01,
5054_01,
5055_01,
5056_01,
5056_02,
5066_01,
5071_01,
5075_01,
5077_01,
5078_01,
5079_01,
5081_01,
5082_01,
5086_01,
5086_02,
5092_01,
5094_01,
5094_02,
5096_01,
5096_02,
5098_01,
5098_02,
5098_03,
5099_01,
5100_01,
5101_01,
5102_01,
5107_01,
5110_01,
5113_01,
5114_01,
5117_01,
5118_01,
5119_01,
5121_01,
5123_01,
5131_01,
5131_02,
5134_01,
5135_01,
5139_01,
5141_01,
5143_01,
5147_01,
5149_01,
5149_02,
5150_01,
5153_01,
5155_01,
5159_01,
5159_02,
5164_01,
5164_02,
5168_01,
5169_01,
5172_01,
5178_01,
5183_01,
5189_01,
5191_01,
5195_01,
5200_01,
5203_01,
5203_02,
5212_01,
5215_01,
5219_01,
5219_02,
5222_01,
5228_01,
5228_02,
5231_01,
5232_01,
5232_02,
5233_01,
5237_01,
5241_01,
5241_02,
5245_01,
5259_01,
5261_01,
5263_01,
5267_01,
5267_02,
5267_03,
5270_01,
5283_01,
5284_01,
5285_01,
5286_01,
5289_01,
5293_01,
5293_02,
5294_01,
5295_01,
5296_01,
5302_01,
5306_01,
5306_02,
5308_01,
5308_02,
5308_03,
5309_01,
5311_01,
5317_01,
5317_02,
5318_01,
5318_02,
5319_01,
5321_01,
5324_01,
5328_01,
5329_01,
5329_02,
5329_03,
5329_04,
5329_05,
5329_06,
5329_07,
5332_01,
5335_01,
5335_02,
5335_03,
5335_04,
5336_01,
5338_01,
5339_01,
5339_02,
5339_03,
5342_01,
5349_01,
5352_01,
5357_01,
5357_02,
5357_03,
5357_04,
5358_01,
5364_01,
5369_01,
5369_02,
5369_03,
5370_01,
5371_01,
5371_02,
5371_03,
5371_04,
5373_01,
5376_01,
5376_02,
5377_01,
5381_01,
5382_01,
5382_02,
5386_01,
5391_01,
5393_01,
5398_01,
5399_01,
5400_01,
5403_01,
5405_01,
5407_01,
5409_01,
5417_01,
5419_01,
5426_01,
5428_01,
5428_02,
5429_01,
5432_01,
5433_01,
5439_01,
5442_01,
5444_01,
5448_01,
5449_01,
5456_01,
5460_01,
5461_01,
5464_01,
5473_01,
5473_02,
5481_01,
5482_01,
5482_02,
5486_01,
5493_01,
5495_01,
5498_01,
5498_02,
5502_01,
5503_01,
5505_01,
5505_02,
5505_03,
5513_01,
5513_02,
5513_03,
5513_04,
5516_01,
5518_01,
5519_01,
5525_01,
5532_01,
5533_01,
5534_01,
5542_01,
5547_01,
5548_01,
5549_01,
5553_01,
5553_02,
5554_01,
5558_01,
5562_01,
5562_02,
5564_01,
5565_01,
5567_01,
5570_01,
5576_01,
5577_01,
5577_02,
5577_03,
5577_04,
5577_05,
5579_01,
5584_01,
5584_02,
5588_01,
5588_02,
5588_03,
5588_04,
5588_05,
5590_01,
5593_01,
5597_01,
5600_01,
5604_01,
5605_01,
5607_01,
5612_01,
5617_01,
5620_01,
5620_02,
5621_01,
5624_01,
5630_01,
5632_01,
5633_01,
5634_01,
5635_01,
5636_01,
5638_01,
5641_01,
5649_01,
5654_01,
5656_01,
5657_01,
5658_01,
5660_01,
5664_01,
5664_02,
5664_03,
5664_04,
5665_01,
5666_01,
5668_01,
5669_01,
5670_01,
5672_01,
5675_01,
5676_01,
5678_01,
5678_02,
5682_01,
5683_01,
5690_01,
5691_01,
5694_01,
5697_01,
5699_01,
5703_01,
5708_01,
5715_01,
5715_02,
5720_01,
5720_02,
5731_01,
5731_02,
5734_01,
5734_02,
5741_01,
5743_01,
5745_01,
5749_01,
5752_01,
5753_01,
5754_01,
5759_01,
5760_01,
5762_01,
5766_01,
5770_01,
5774_01,
5775_01,
5782_01,
5782_02,
5782_03,
5782_04,
5784_01,
5787_01,
5787_02,
5787_03,
5789_01,
5789_02,
5797_01,
5798_01,
5801_01,
5803_01,
5805_01,
5807_01,
5815_01,
5815_02,
5815_03,
5815_04,
5830_01,
5832_01,
5833_01,
5838_01,
5841_01,
5841_02,
5841_03,
5845_01,
5850_01,
5851_01,
5851_02,
5853_01,
5862_01,
5864_01,
5865_01,
5866_01,
5870_01,
5872_01,
5873_01,
5873_02,
5873_03,
5881_01,
5883_01,
5884_01,
5892_01,
5893_01,
5893_02,
5895_01,
5896_01,
5899_01,
5904_01,
5904_02,
5910_01,
5911_01,
5911_02,
5911_03,
5911_04,
5911_05,
5911_06,
5914_01,
5917_01,
5918_01,
5926_01,
5929_01,
5932_01,
5935_01,
5936_01,
5936_02,
5936_03,
5936_04,
5936_05,
5937_01,
5940_01,
5942_01,
5942_02,
5943_01,
5948_01,
5958_01,
5961_01,
5961_02,
5962_01,
5964_01,
5964_02,
5966_01,
5966_02,
5978_01,
5978_02,
5979_01,
5982_01,
5996_01,
5997_01,
5997_02,
6002_01,
6005_01,
6005_02,
6005_03,
6005_04,
6005_05,
6009_01,
6009_02,
6012_01,
6013_01,
6018_01,
6021_01,
6023_01,
6037_01,
6044_01,
6044_02,
6046_01,
6050_01,
6051_01,
6051_02,
6053_01,
6056_01,
6057_01,
6060_01,
6063_01,
6072_01,
6074_01,
6074_02,
6074_03,
6078_01,
6079_01,
6081_01,
6081_02,
6081_03,
6081_04,
6083_01,
6084_01,
6088_01,
6089_01,
6093_01,
6097_01,
6100_01,
6104_01,
6113_01,
6114_01,
6119_01,
6119_02,
6119_03,
6125_01,
6129_01,
6131_01,
6134_01,
6140_01,
6142_01,
6142_02,
6144_01,
6147_01,
6151_01,
6151_02,
6154_01,
6159_01,
6160_01,
6160_02,
6161_01,
6164_01,
6165_01,
6177_01,
6183_01,
6185_01,
6187_01,
6188_01,
6190_01,
6193_01,
6193_02,
6193_03,
6193_04,
6195_01,
6196_01,
6197_01,
6198_01,
6202_01,
6203_01,
6204_01,
6209_01,
6209_02,
6210_01,
6212_01,
6214_01,
6217_01,
6217_02,
6221_01,
6226_01,
6231_01,
6231_02,
6231_03,
6233_01,
6233_02,
6233_03,
6235_01,
6240_01,
6242_01,
6244_01,
6244_02,
6247_01,
6255_01,
6257_01,
6257_02,
6257_03,
6258_01,
6259_01,
6260_01,
6260_02,
6261_01,
6261_02,
6267_01,
6267_02,
6267_03,
6267_04,
6267_05,
6267_06,
6269_01,
6269_02,
6269_03,
6272_01,
6272_02,
6275_01,
6278_01,
6278_02,
6284_01,
6286_01,
6286_02,
6287_01,
6287_02,
6288_01,
6288_02,
6288_03,
6288_04,
6291_01,
6294_01,
6295_01,
6295_02,
6298_01,
6303_01,
6306_01,
6307_01,
6310_01,
6311_01,
6312_01,
6312_02,
6314_01,
6329_01,
6332_01,
6332_02,
6332_03,
6332_04,
6332_05,
6332_06,
6332_07,
6332_08,
6333_01,
6336_01,
6337_01,
6342_01,
6342_02,
6345_01,
6345_02,
6350_01,
6352_01,
6352_02,
6358_01,
6358_02,
6359_01,
6362_01,
6364_01,
6375_01,
6377_01,
6379_01,
6382_01,
6383_01,
6383_02,
6383_03,
6384_01,
6386_01,
6387_01,
6389_01,
6391_01,
6391_02,
6392_01,
6393_01,
6395_01,
6401_01,
6401_02,
6403_01,
6410_01,
6410_02,
6417_01,
6420_01,
6423_01,
6425_01,
6425_02,
6426_01,
6427_01,
6429_01,
6435_01,
6438_01,
6440_01,
6441_01,
6445_01,
6460_01,
6465_01,
6466_01,
6467_01,
6469_01,
6474_01,
6476_01,
6479_01,
6479_02,
6483_01,
6484_01,
6486_01,
6491_01,
6491_02,
6491_03,
6495_01,
6496_01,
6496_02,
6497_01,
6498_01,
6499_01,
6499_02,
6499_03,
6499_04,
6499_05,
6499_06,
6499_07,
6499_08,
6504_01,
6504_02,
6505_01,
6506_01,
6506_02,
6507_01,
6515_01,
6516_01,
6516_02,
6518_01,
6519_01,
6521_01,
6524_01,
6527_01,
6528_01,
6532_01,
6533_01,
6533_02,
6534_01,
6536_01,
6537_01,
6538_01,
6542_01,
6543_01,
6550_01,
6551_01,
6554_01,
6555_01,
6559_01,
6559_02,
6559_03,
6564_01,
6564_02,
6566_01,
6571_01,
6575_01,
6576_01,
6577_01,
6577_02,
6577_03,
6579_01,
6581_01,
6584_01,
6586_01,
6587_01,
6589_01,
6596_01,
6596_02,
6597_01,
6600_01,
6600_02,
6605_01,
6605_02,
6607_01,
6610_01,
6612_01,
6612_02,
6612_03,
6612_04,
6612_05,
6612_06,
6615_01,
6617_01,
6617_02,
6617_03,
6619_01,
6627_01,
6629_01,
6632_01,
6636_01,
6640_01,
6644_01,
6648_01,
6651_01,
6653_01,
6657_01,
6658_01,
6658_02,
6658_03,
6661_01,
6666_01,
6677_01,
6678_01,
6678_02,
6679_01,
6682_01,
6682_02,
6685_01,
6686_01,
6687_01,
6688_01,
6689_01,
6689_02,
6690_01,
6695_01,
6696_01,
6700_01,
6700_02,
6701_01,
6703_01,
6704_01,
6705_01,
6710_01,
6712_01,
6714_01,
6715_01,
6716_01,
6717_01,
6723_01,
6728_01,
6732_01,
6733_01,
6735_01,
6737_01,
6738_01,
6738_02,
6740_01,
6743_01,
6752_01,
6752_02,
6752_03,
6755_01,
6759_01,
6767_01,
6767_02,
6768_01,
6769_01,
6770_01,
6770_02,
6770_03,
6771_01,
6772_01,
6772_02,
6777_01,
6781_01,
6783_01,
6785_01,
6790_01,
6791_01,
6793_01,
6793_02,
6795_01,
6797_01,
6803_01,
6804_01,
6807_01,
6807_02,
6809_01,
6811_01,
6812_01,
6812_02,
6815_01,
6819_01,
6819_02,
6819_03,
6823_01,
6828_01,
6830_01,
6835_01,
6835_02,
6836_01,
6838_01,
6838_02,
6838_03,
6842_01,
6845_01,
6846_01,
6847_01,
6849_01,
6852_01,
6852_02,
6855_01,
6856_01,
6860_01,
6867_01,
6870_01,
6872_01,
6874_01,
6875_01,
6875_02,
6875_03,
6876_01,
6876_02,
6876_03,
6877_01,
6878_01,
6881_01,
6884_01,
6886_01,
6888_01,
6888_02,
6888_03,
6888_04,
6890_01,
6897_01,
6904_01,
6904_02,
6904_03,
6909_01,
6914_01,
6916_01,
6919_01,
6922_01,
6923_01,
6927_01,
6933_01,
6933_02,
6935_01,
6936_01,
6936_02,
6936_03,
6938_01,
6941_01,
6942_01,
6948_01,
6952_01,
6953_01,
6955_01,
6956_01,
6958_01,
6959_01,
6959_02,
6959_03,
6961_01,
6961_02,
6965_01,
6969_01,
6974_01,
6975_01,
6983_01,
6983_02,
6986_01,
6986_02,
6986_03,
6986_04,
6986_05,
6986_06,
6986_07,
6986_08,
6989_01,
6993_01,
7000_01,
7003_01,
7009_01,
7009_02,
7012_01,
7023_01,
7024_01,
7030_01,
7033_01,
7035_01,
7043_01,
7046_01,
7046_02,
7046_03,
7054_01,
7054_02,
7055_01,
7063_01,
7063_02,
7064_01,
7065_01,
7066_01,
7066_02,
7067_01,
7067_02,
7067_03,
7070_01,
7075_01,
7076_01,
7081_01,
7081_02,
7100_01,
7100_02,
7101_01,
7101_02,
7102_01,
7103_01,
7103_02,
7107_01,
7108_01,
7112_01,
7115_01,
7122_01,
7123_01,
7124_01,
7124_02,
7124_03,
7125_01,
7129_01,
7130_01,
7130_02,
7130_03,
7130_04,
7130_05,
7130_06,
7130_07,
7131_01,
7135_01,
7135_02,
7135_03,
7135_04,
7136_01,
7138_01,
7139_01,
7141_01,
7145_01,
7146_01,
7147_01,
7150_01,
7150_02,
7153_01,
7154_01,
7158_01,
7163_01,
7163_02,
7163_03,
7164_01,
7169_01,
7172_01,
7172_02,
7174_01,
7178_01,
7183_01,
7185_01,
7195_01,
7196_01,
7198_01,
7201_01,
7204_01,
7209_01,
7209_02,
7211_01,
7212_01,
7213_01,
7220_01,
7222_01,
7223_01,
7228_01,
7231_01,
7237_01,
7239_01,
7241_01,
7241_02,
7243_01,
7243_02,
7243_03,
7243_04,
7243_05,
7244_01,
7245_01,
7248_01,
7248_02,
7251_01,
7254_01,
7262_01,
7263_01,
7264_01,
7265_01,
7266_01,
7266_02,
7266_03,
7269_01,
7269_02,
7272_01,
7275_01,
7281_01,
7282_01,
7286_01,
7287_01,
7288_01,
7291_01,
7293_01,
7294_01,
7295_01,
7295_02,
7299_01,
7308_01,
7312_01,
7315_01,
7316_01,
7317_01,
7318_01,
7319_01,
7319_02,
7319_03,
7325_01,
7329_01,
7329_02,
7329_03,
7333_01,
7335_01,
7345_01,
7348_01,
7348_02,
7348_03,
7349_01,
7352_01,
7354_01,
7354_02,
7354_03,
7354_04,
7354_05,
7354_06,
7355_01,
7357_01,
7362_01,
7363_01,
7364_01,
7368_01,
7369_01,
7373_01,
7373_02,
7375_01,
7378_01,
7380_01,
7380_02,
7380_03,
7380_04,
7381_01,
7382_01,
7383_01,
7383_02,
7384_01,
7386_01,
7389_01,
7397_01,
7400_01,
7404_01,
7407_01,
7409_01,
7409_02,
7412_01,
7413_01,
7413_02,
7414_01,
7415_01,
7417_01,
7417_02,
7420_01,
7421_01,
7421_02,
7423_01,
7423_02,
7424_01,
7426_01,
7426_02,
7426_03,
7433_01,
7434_01,
7439_01,
7439_02,
7440_01,
7441_01,
7443_01,
7451_01,
7454_01,
7463_01,
7465_01,
7466_01,
7467_01,
7468_01,
7469_01,
7470_01,
7471_01,
7471_02,
7473_01,
7473_02,
7474_01,
7476_01,
7480_01,
7482_01,
7482_02,
7489_01,
7489_02,
7489_03,
7491_01,
7493_01,
7497_01,
7511_01,
7516_01,
7519_01,
7526_01,
7528_01,
7528_02,
7528_03,
7528_04,
7530_01,
7530_02,
7530_03,
7530_04,
7532_01,
7537_01,
7539_01,
7539_02,
7540_01,
7541_01,
7541_02,
7541_03,
7546_01,
7547_01,
7548_01,
7551_01,
7554_01,
7555_01,
7556_01,
7556_02,
7556_03,
7556_04,
7557_01,
7557_02,
7557_03,
7558_01,
7558_02,
7562_01,
7564_01,
7566_01,
7570_01,
7570_02,
7571_01,
7575_01,
7581_01,
7582_01,
7582_02,
7582_03,
7582_04,
7582_05,
7587_01,
7589_01,
7590_01,
7591_01,
7591_02,
7593_01,
7597_01,
7597_02,
7597_03,
7597_04,
7597_05,
7597_06,
7597_07,
7600_01,
7600_02,
7602_01,
7603_01,
7607_01,
7610_01,
7610_02,
7611_01,
7611_02,
7612_01,
7612_02,
7613_01,
7615_01,
7617_01,
7619_01,
7629_01,
7629_02,
7629_03,
7636_01,
7637_01,
7637_02,
7637_03,
7638_01,
7642_01,
7645_01,
7648_01,
7651_01,
7653_01,
7654_01,
7655_01,
7657_01,
7658_01,
7659_01,
7662_01,
7663_01,
7664_01,
7668_01,
7672_01,
7673_01,
7674_01,
7675_01,
7681_01,
7685_01,
7686_01,
7695_01,
7701_01,
7704_01,
7706_01,
7718_01,
7722_01,
7725_01,
7726_01,
7730_01,
7732_01,
7733_01,
7734_01,
7735_01,
7737_01,
7740_01,
7740_02,
7745_01,
7750_01,
7756_01,
7758_01,
7759_01,
7762_01,
7765_01,
7765_02,
7765_03,
7766_01,
7772_01,
7779_01,
7781_01,
7792_01,
7792_02,
7792_03,
7792_04,
7792_05,
7794_01,
7795_01,
7795_02,
7796_01,
7798_01,
7798_02,
7799_01,
7804_01,
7807_01,
7811_01,
7814_01,
7817_01,
7819_01,
7822_01,
7823_01,
7825_01,
7825_02,
7825_03,
7826_01,
7827_01,
7836_01,
7838_01,
7844_01,
7846_01,
7846_02,
7854_01,
7855_01,
7857_01,
7860_01,
7862_01,
7867_01,
7869_01,
7874_01,
7874_02,
7876_01,
7880_01,
7880_02,
7887_01,
7893_01,
7893_02,
7893_03,
7893_04,
7893_05,
7896_01,
7898_01,
7900_01,
7906_01,
7909_01,
7909_02,
7911_01,
7912_01,
7915_01,
7915_02,
7915_03,
7917_01,
7921_01,
7921_02,
7923_01,
7925_01,
7927_01,
7927_02,
7927_03,
7928_01,
7931_01,
7932_01,
7933_01,
7934_01,
7934_02,
7934_03,
7938_01,
7942_01,
7942_02,
7948_01,
7951_01,
7953_01,
7956_01,
7959_01,
7961_01,
7963_01,
7963_02,
7963_03,
7964_01,
7965_01,
7966_01,
7969_01,
7971_01,
7971_02,
7975_01,
7977_01,
7978_01,
7978_02,
7979_01,
7980_01,
7991_01,
7991_02,
7991_03,
7991_04,
7992_01,
7997_01,
7998_01,
7998_02,
7998_03,
7998_04,
8001_01,
8002_01,
8008_01,
8009_01,
8011_01,
8013_01,
8017_01,
8022_01,
8028_01,
8033_01,
8039_01,
8039_02,
8040_01,
8041_01,
8041_02,
8044_01,
8045_01,
8047_01,
8048_01,
8051_01,
8051_02,
8061_01,
8061_02,
8062_01,
8065_01,
8070_01,
8073_01,
8074_01,
8080_01,
8090_01,
8093_01,
8095_01,
8096_01,
8099_01,
8100_01,
8101_01,
8104_01,
8109_01,
8110_01,
8111_01,
8113_01,
8113_02,
8113_03,
8113_04,
8114_01,
8125_01,
8125_02,
8126_01,
8127_01,
8132_01,
8134_01,
8142_01,
8145_01,
8146_01,
8151_01,
8154_01,
8155_01,
8160_01,
8163_01,
8166_01,
8169_01,
8170_01,
8172_01,
8174_01,
8179_01,
8180_01,
8181_01,
8181_02,
8181_03,
8183_01,
8184_01,
8185_01,
8187_01,
8188_01,
8193_01,
8195_01,
8196_01,
8196_02,
8198_01,
8201_01,
8206_01,
8215_01,
8223_01,
8228_01,
8230_01,
8234_01,
8236_01,
8240_01,
8241_01,
8245_01,
8245_02,
8246_01,
8249_01,
8250_01,
8253_01,
8256_01,
8258_01,
8262_01,
8263_01,
8269_01,
8274_01,
8278_01,
8283_01,
8284_01,
8284_02,
8285_01,
8286_01,
8290_01,
8293_01,
8296_01,
8299_01,
8304_01,
8304_02,
8304_03,
8305_01,
8305_02,
8305_03,
8308_01,
8309_01,
8311_01,
8312_01,
8325_01,
8325_02,
8327_01,
8331_01,
8337_01,
8340_01,
8340_02,
8340_03,
8347_01,
8349_01,
8350_01,
8351_01,
8352_01,
8353_01,
8355_01,
8357_01,
8357_02,
8358_01,
8359_01,
8361_01,
8361_02,
8361_03,
8361_04,
8361_05,
8364_01,
8367_01,
8370_01,
8370_02,
8372_01,
8385_01,
8385_02,
8385_03,
8387_01,
8389_01,
8391_01,
8396_01,
8399_01,
8400_01,
8400_02,
8400_03,
8402_01,
8402_02,
8402_03,
8408_01,
8408_02,
8412_01,
8413_01,
8415_01,
8417_01,
8422_01,
8424_01,
8425_01,
8425_02,
8426_01,
8426_02,
8428_01,
8434_01,
8435_01,
8436_01,
8439_01,
8440_01,
8440_02,
8440_03,
8443_01,
8443_02,
8445_01,
8445_02,
8445_03,
8446_01,
8450_01,
8450_02,
8450_03,
8453_01,
8455_01,
8461_01,
8464_01,
8464_02,
8473_01,
8473_02,
8478_01,
8478_02,
8484_01,
8485_01,
8488_01,
8490_01,
8496_01,
8497_01,
8498_01,
8499_01,
8501_01,
8505_01,
8507_01,
8510_01,
8510_02,
8513_01,
8515_01,
8517_01,
8517_02,
8518_01,
8519_01,
8520_01,
8520_02,
8525_01,
8525_02,
8526_01,
8526_02,
8527_01,
8529_01,
8531_01,
8532_01,
8533_01,
8534_01,
8534_02,
8534_03,
8534_04,
8538_01,
8543_01,
8543_02,
8543_03,
8543_04,
8543_05,
8543_06,
8543_07,
8543_08,
8546_01,
8547_01,
8550_01,
8553_01,
8555_01,
8555_02,
8555_03,
8558_01,
8562_01,
8563_01,
8564_01,
8565_01,
8565_02,
8565_03,
8567_01,
8567_02,
8567_03,
8568_01,
8568_02,
8575_01,
8576_01,
8578_01,
8579_01,
8582_01,
8583_01,
8583_02,
8590_01,
8591_01,
8593_01,
8600_01,
8601_01,
8608_01,
8621_01,
8622_01,
8625_01,
8627_01,
8630_01,
8632_01,
8632_02,
8647_01,
8648_01,
8648_02,
8648_03,
8649_01,
8651_01,
8652_01,
8655_01,
8660_01,
8662_01,
8665_01,
8666_01,
8676_01,
8677_01,
8677_02,
8677_03,
8678_01,
8678_02,
8679_01,
8682_01,
8686_01,
8689_01,
8690_01,
8690_02,
8692_01,
8692_02,
8692_03,
8697_01,
8698_01,
8699_01,
8702_01,
8705_01,
8706_01,
8707_01,
8711_01,
8713_01,
8713_02,
8715_01,
8718_01,
8724_01,
8725_01,
8726_01,
8730_01,
8731_01,
8737_01,
8738_01,
8739_01,
8740_01,
8742_01,
8745_01,
8746_01,
8747_01,
8747_02,
8748_01,
8748_02,
8756_01,
8758_01,
8758_02,
8761_01,
8763_01,
8763_02,
8763_03,
8765_01,
8767_01,
8767_02,
8768_01,
8768_02,
8768_03,
8775_01,
8777_01,
8778_01,
8778_02,
8784_01,
8788_01,
8792_01,
8793_01,
8793_02,
8793_03,
8793_04,
8793_05,
8795_01,
8800_01,
8800_02,
8800_03,
8800_04,
8800_05,
8803_01,
8804_01,
8804_02,
8804_03,
8804_04,
8804_05,
8810_01,
8814_01,
8829_01,
8832_01,
8837_01,
8839_01,
8839_02,
8846_01,
8846_02,
8847_01,
8851_01,
8855_01,
8857_01,
8859_01,
8866_01,
8870_01,
8870_02,
8873_01,
8873_02,
8873_03,
8875_01,
8875_02,
8875_03,
8877_01,
8877_02,
8879_01,
8882_01,
8887_01,
8888_01,
8893_01,
8893_02,
8895_01,
8895_02,
8898_01,
8908_01,
8909_01,
8911_01,
8912_01,
8913_01,
8913_02,
8913_03,
8914_01,
8915_01,
8916_01,
8917_01,
8921_01,
8924_01,
8925_01,
8925_02,
8925_03,
8925_04,
8925_05,
8925_06,
8927_01,
8929_01,
8931_01,
8933_01,
8934_01,
8935_01,
8936_01,
8943_01,
8946_01,
8949_01,
8950_01,
8951_01,
8952_01,
8953_01,
8957_01,
8958_01,
8960_01,
8960_02,
8960_03,
8962_01,
8963_01,
8965_01,
8971_01,
8974_01,
8979_01,
8980_01,
8980_02,
8980_03,
8980_04,
8980_05,
8980_06,
8980_07,
8984_01,
8990_01,
8991_01,
8994_01,
8994_02,
8995_01,
9000_01,
9002_01,
9005_01,
9016_01,
9016_02,
9016_03,
9016_04,
9016_05,
9017_01,
9022_01,
9022_02,
9022_03,
9025_01,
9025_02,
9027_01,
9033_01,
9039_01,
9040_01,
9044_01,
9045_01,
9045_02,
9047_01,
9050_01,
9051_01,
9053_01,
9053_02,
9054_01,
9055_01,
9056_01,
9058_01,
9062_01,
9062_02,
9063_01,
9065_01,
9067_01,
9067_02,
9070_01,
9070_02,
9082_01,
9083_01,
9083_02,
9086_01,
9086_02,
9087_01,
9088_01,
9090_01,
9091_01,
9092_01,
9093_01,
9095_01,
9096_01,
9096_02,
9100_01,
9102_01,
9105_01,
9109_01,
9113_01,
9117_01,
9121_01,
9123_01,
9133_01,
9135_01,
9138_01,
9143_01,
9143_02,
9143_03,
9146_01,
9146_02,
9146_03,
9147_01,
9153_01,
9154_01,
9155_01,
9155_02,
9155_03,
9155_04,
9162_01,
9162_02,
9162_03,
9166_01,
9171_01,
9177_01,
9177_02,
9182_01,
9187_01,
9187_02,
9191_01,
9198_01,
9200_01,
9204_01,
9206_01,
9206_02,
9206_03,
9207_01,
9209_01,
9210_01,
9212_01,
9212_02,
9214_01,
9215_01,
9216_01,
9223_01,
9223_02,
9228_01,
9229_01,
9232_01,
9236_01,
9238_01,
9238_02,
9238_03,
9238_04,
9238_05,
9238_06,
9238_07,
9240_01,
9243_01,
9245_01,
9249_01,
9255_01,
9258_01,
9260_01,
9262_01,
9263_01,
9265_01,
9266_01,
9266_02,
9269_01,
9271_01,
9273_01,
9277_01,
,True
,True
,False
,False
,True
,True
,False
,False
,True
,False
,False
,False
,True
,False
,False
,True
,True
,True
,True
,False
,False
,False
,True
,True
,True
,False
,True
,True
,False
,True
,True
,False
,False
,True
,False
,True
,False
,True
,False
,True
,False
,True
,True
,False
,False
,False
,False
,True
,False
,True
,True
,True
,True
,True
,False
,False
,False
,True
,False
,False
,True
,True
,False
,False
,True
,False
,True
,True
,True
,True
,False
,False
,False
,False
,True
,False
,True
,False
,True
,True
,False
,False
,True
,False
,False
,False
,False
,True
,False
,True
,True
,True
,False
,True
,False
,False
,True
,False
,False
,False
,True
,False
,True
,False
,True
,False
,False
,False
,False
,False
,False
,True
,False
,False
,True
,False
,False
,False
,False
,True
,True
,False
,True
,True
,False
,True
,True
,False
,False
,False
,True
,True
,False
,False
,True
,False
,True
,False
,True
,True
,False
,True
,False
,False
,True
,False
,True
,False
,False
,True
,False
,False
,True
,False
,True
,False
,True
,False
,False
,False
,False
,False
,True
,True
,False
,False
,False
,True
,False
,False
,False
,False
,False
,False
,False
,True
,True
,False
,True
,True
,False
,False
,False
,True
,True
,True
,True
,True
,True
,True
,False
,False
,True
,False
,True
,False
,True
,False
,False
,True
,False
,False
,False
,True
,True
,False
,True
,False
,False
,True
,True
,True
,False
,False
,False
,False
,False
,True
,False
,False
,False
,True
,True
,True
,False
,False
,True
,False
,False
,True
,False
,False
,False
,False
,False
,False
,True
,False
,False
,False
,True
,False
,False
,False
,True
,True
,False
,True
,True
,True
,False
,True
,False
,False
,True
,True
,True
,True
,True
,False
,True
,False
,True
,True
,False
,True
,True
,True
,True
,False
,False
,False
,True
,True
,True
,False
,True
,False
,True
,True
,True
,False
,True
,True
,True
,False
,False
,True
,True
,False
,False
,True
,False
,False
,True
,True
,True
,True
,True
,True
,False
,False
,True
,False
,True
,True
,True
,True
,True
,True
,False
,True
,True
,False
,True
,False
,False
,False
,False
,False
,False
,False
,False
,True
,True
,False
,True
,True
,False
,False
,True
,True
,False
,False
,False
,False
,False
,True
,True
,True
,True
,False
,True
,False
,False
,True
,True
,True
,False
,True
,True
,True
,False
,False
,False
,True
,False
,False
,True
,False
,False
,True
,False
,False
,False
,True
,True
,True
,False
,False
,False
,False
,True
,True
,False
,False
,True
,True
,False
,False
,False
,True
,True
,False
,True
,True
,False
,False
,False
,False
,False
,False
,True
,False
,False
,False
,False
,True
,True
,True
,False
,False
,False
,False
,True
,False
,False
,False
,True
,True
,True
,False
,False
,False
,False
,True
,True
,True
,True
,True
,True
,True
,True
,False
,False
,True
,False
,True
,False
,False
,False
,True
,True
,True
,False
,True
,False
,True
,False
,True
,False
,True
,True
,True
,False
,False
,False
,False
,False
,True
,False
,False
,False
,False
,False
,False
,False
,True
,False
,True
,True
,False
,False
,False
,True
,False
,True
,True
,False
,True
,True
,False
,True
,False
,True
,False
,False
,False
,False
,True
,False
,False
,False
,False
,False
,True
,True
,True
,True
,False
,True
,False
,True
,True
,False
,False
,False
,True
,False
,True
,True
,False
,True
,False
,True
,False
,False
,True
,False
,False
,False
,False
,False
,True
,True
,True
,False
,False
,False
,False
,True
,True
,False
,True
,True
,True
,True
,False
,False
,False
,False
,False
,True
,True
,False
,True
,False
,True
,False
,True
,False
,False
,False
,False
,True
,True
,False
,False
,False
,True
,True
,True
,False
,True
,False
,False
,True
,True
,True
,False
,False
,False
,True
,True
,False
,False
,True
,True
,False
,True
,True
,True
,True
,False
,True
,True
,False
,False
,True
,True
,False
,True
,False
,False
,False
,False
,True
,True
,False
,True
,False
,False
,True
,False
,True
,False
,True
,False
,True
,True
,False
,False
,False
,True
,False
,False
,True
,True
,False
,True
,True
,False
,False
,True
,False
,True
,False
,True
,False
,False
,False
,False
,False
,True
,False
,True
,True
,False
,True
,True
,False
,True
,False
,False
,True
,False
,True
,True
,False
,True
,False
,False
,True
,True
,False
,False
,False
,True
,True
,False
,False
,False
,False
,True
,False
,False
,True
,False
,True
,True
,True
,True
,False
,False
,True
,True
,False
,False
,False
,True
,True
,True
,False
,False
,True
,False
,False
,True
,False
,True
,True
,True
,False
,True
,True
,True
,True
,False
,True
,False
,True
,False
,True
,True
,True
,False
,False
,True
,False
,True
,False
,True
,True
,True
,True
,True
,False
,False
,False
,True
,True
,True
,True
,True
,False
,False
,True
,True
,True
,True
,False
,False
,True
,False
,False
,True
,False
,True
,True
,True
,False
,True
,True
,False
,False
,False
,False
,False
,True
,False
,False
,False
,True
,True
,False
,True
,False
,True
,False
,True
,False
,False
,True
,False
,True
,True
,False
,True
,False
,True
,False
,False
,True
,False
,False
,False
,True
,True
,True
,True
,False
,False
,True
,True
,False
,True
,True
,True
,False
,True
,False
,True
,False
,True
,True
,True
,True
,False
,False
,False
,True
,False
,False
,False
,False
,True
,True
,True
,True
,False
,False
,True
,False
,True
,True
,False
,False
,False
,True
,False
,True
,False
,False
,False
,False
,False
,True
,False
,False
,True
,True
,True
,False
,True
,True
,False
,True
,True
,True
,False
,True
,False
,False
,True
,False
,False
,False
,False
,True
,False
,True
,True
,False
,True
,True
,False
,False
,True
,True
,True
,False
,True
,False
,False
,False
,True
,True
,False
,False
,False
,False
,True
,True
,False
,False
,False
,True
,True
,False
,False
,True
,True
,False
,False
,False
,True
,False
,True
,True
,True
,False
,False
,True
,True
,True
,False
,False
,True
,True
,False
,False
,True
,False
,False
,False
,True
,True
,False
,True
,False
,False
,False
,True
,True
,False
,True
,False
,False
,True
,True
,True
,True
,True
,True
,True
,True
,True
,False
,True
,False
,False
,True
,True
,True
,True
,False
,False
,True
,False
,True
,True
,False
,False
,False
,True
,True
,True
,False
,True
,True
,False
,False
,True
,False
,False
,True
,False
,True
,True
,False
,True
,False
,True
,True
,True
,True
,False
,False
,False
,True
,False
,True
,False
,True
,True
,False
,False
,True
,True
,True
,False
,True
,True
,False
,False
,False
,True
,False
,True
,True
,True
,True
,False
,False
,False
,False
,True
,False
,True
,False
,False
,True
,False
,True
,False
,True
,False
,True
,False
,True
,True
,True
,True
,True
,False
,False
,False
,False
,False
,False
,True
,True
,False
,True
,False
,False
,False
,False
,False
,True
,True
,True
,True
,False
,True
,False
,True
,True
,True
,True
,False
,False
,True
,True
,False
,False
,False
,False
,True
,False
,False
,False
,True
,True
,False
,False
,True
,True
,True
,True
,False
,True
,True
,True
,True
,True
,True
,True
,False
,False
,False
,False
,True
,False
,True
,False
,False
,False
,True
,False
,False
,False
,True
,True
,True
,True
,False
,True
,False
,False
,True
,True
,True
,True
,False
,False
,True
,False
,True
,False
,True
,False
,False
,True
,False
,True
,False
,True
,True
,True
,False
,False
,False
,False
,False
,True
,True
,True
,False
,False
,False
,True
,False
,False
,True
,False
,False
,False
,False
,True
,False
,True
,True
,True
,True
,True
,True
,True
,False
,False
,False
,False
,False
,False
,True
,False
,False
,True
,False
,False
,True
,False
,True
,True
,True
,True
,False
,True
,False
,True
,False
,False
,True
,False
,True
,False
,True
,False
,False
,False
,True
,True
,True
,True
,True
,False
,False
,False
,True
,False
,True
,True
,True
,False
,False
,False
,True
,False
,False
,False
,False
,True
,False
,True
,False
,False
,False
,True
,True
,False
,True
,False
,False
,False
,False
,False
,False
,True
,True
,False
,False
,False
,False
,True
,True
,False
,True
,True
,True
,False
,False
,False
,False
,False
,True
,False
,False
,False
,True
,False
,False
,True
,False
,True
,True
,False
,True
,True
,False
,True
,True
,True
,True
,True
,False
,False
,False
,True
,True
,False
,False
,False
,False
,False
,True
,False
,True
,False
,True
,True
,False
,False
,True
,False
,False
,False
,False
,False
,True
,False
,True
,False
,True
,True
,True
,True
,False
,False
,False
,False
,False
,False
,False
,False
,True
,False
,False
,False
,False
,False
,True
,False
,True
,False
,False
,True
,True
,True
,False
,False
,False
,False
,False
,True
,False
,False
,True
,False
,False
,False
,False
,False
,False
,False
,True
,True
,False
,False
,False
,True
,True
,False
,False
,True
,True
,False
,False
,False
,False
,False
,False
,True
,False
,False
,False
,False
,True
,True
,True
,False
,False
,False
,False
,False
,False
,False
,False
,True
,False
,True
,True
,False
,False
,False
,False
,True
,True
,False
,True
,True
,True
,True
,False
,True
,True
,True
,True
,False
,False
,True
,False
,False
,True
,True
,False
,True
,False
,False
,True
,False
,False
,False
,True
,False
,True
,False
,False
,False
,True
,False
,False
,True
,False
,True
,False
,False
,False
,False
,False
,True
,False
,True
,True
,True
,False
,False
,True
,True
,True
,True
,False
,True
,False
,True
,False
,True
,True
,False
,True
,True
,True
,True
,True
,False
,False
,False
,False
,True
,False
,True
,False
,False
,True
,False
,False
,True
,True
,False
,True
,True
,False
,False
,True
,False
,True
,False
,True
,True
,True
,True
,False
,False
,False
,False
,True
,False
,True
,False
,True
,True
,False
,True
,False
,True
,True
,True
,True
,True
,False
,False
,False
,False
,True
,True
,True
,True
,False
,False
,True
,False
,True
,False
,False
,True
,False
,True
,False
,False
,False
,True
,False
,False
,False
,True
,False
,True
,False
,False
,True
,True
,True
,False
,True
,True
,True
,False
,False
,True
,False
,False
,True
,False
,False
,False
,False
,True
,True
,False
,True
,True
,True
,True
,False
,False
,True
,False
,False
,False
,False
,False
,True
,True
,False
,False
,False
,True
,True
,True
,False
,False
,True
,False
,True
,True
,False
,False
,True
,False
,True
,True
,False
,False
,True
,True
,True
,True
,False
,False
,False
,False
,True
,True
,False
,True
,True
,True
,True
,True
,False
,False
,False
,True
,True
,True
,True
,True
,False
,False
,False
,False
,True
,False
,False
,True
,True
,True
,False
,False
,True
,True
,True
,False
,True
,True
,False
,False
,True
,True
,True
,True
,True
,True
,True
,True
,False
,True
,True
,True
,False
,False
,False
,False
,False
,True
,True
,False
,False
,False
,False
,False
,False
,True
,True
,False
,False
,False
,False
,False
,False
,False
,True
,False
,False
,True
,True
,False
,True
,False
,True
,True
,True
,False
,True
,True
,False
,True
,True
,False
,True
,True
,True
,False
,True
,True
,True
,False
,True
,True
,False
,True
,False
,True
,False
,False
,True
,False
,False
,False
,True
,True
,False
,True
,True
,False
,False
,True
,False
,False
,False
,False
,False
,True
,True
,False
,False
,False
,True
,False
,True
,True
,True
,True
,False
,False
,False
,True
,True
,True
,False
,True
,False
,True
,True
,True
,False
,False
,False
,False
,True
,True
,True
,True
,False
,False
,False
,True
,True
,False
,False
,False
,False
,False
,False
,False
,True
,True
,True
,True
,True
,False
,False
,True
,False
,True
,False
,True
,False
,True
,True
,True
,True
,False
,True
,False
,False
,False
,True
,False
,False
,False
,False
,False
,False
,True
,True
,True
,True
,False
,False
,False
,True
,True
,True
,True
,False
,True
,True
,False
,True
,False
,False
,True
,True
,False
,True
,True
,True
,True
,True
,False
,True
,True
,False
,False
,False
,False
,False
,True
,True
,True
,True
,False
,False
,False
,False
,True
,False
,True
,True
,False
,True
,True
,False
,True
,False
,True
,False
,True
,True
,True
,False
,False
,True
,True
,False
,False
,False
,False
,False
,True
,False
,True
,False
,True
,False
,False
,True
,False
,True
,True
,True
,False
,False
,True
,True
,True
,True
,False
,True
,False
,True
,True
,True
,False
,False
,True
,True
,False
,False
,False
,False
,True
,False
,True
,False
,True
,True
,False
,False
,True
,False
,True
,False
,False
,False
,False
,False
,False
,True
,False
,False
,True
,True
,True
,True
,False
,False
,True
,True
,False
,True
,False
,True
,False
,True
,True
,False
,False
,False
,False
,True
,True
,False
,True
,True
,False
,False
,False
,True
,False
,False
,False
,False
,True
,True
,True
,False
,True
,False
,False
,True
,True
,False
,False
,False
,False
,False
,True
,True
,False
,True
,True
,True
,False
,False
,False
,True
,True
,True
,True
,True
,False
,True
,True
,False
,False
,True
,True
,False
,True
,False
,True
,False
,False
,False
,False
,True
,False
,True
,True
,True
,False
,False
,True
,True
,False
,False
,False
,False
,False
,True
,False
,True
,False
,False
,False
,False
,False
,False
,True
,True
,True
,True
,True
,True
,False
,False
,True
,True
,False
,True
,True
,True
,True
,True
,True
,True
,True
,False
,True
,False
,False
,True
,False
,False
,True
,False
,True
,True
,True
,False
,False
,False
,True
,True
,False
,False
,True
,True
,True
,False
,True
,False
,True
,True
,False
,True
,False
,False
,True
,False
,False
,True
,True
,True
,False
,False
,True
,False
,True
,True
,False
,False
,True
,True
,False
,False
,True
,True
,True
,False
,True
,True
,False
,False
,True
,False
,True
,True
,False
,True
,True
,True
,True
,True
,False
,False
,False
,True
,True
,True
,True
,False
,True
,False
,False
,False
,False
,True
,True
,True
,False
,True
,False
,False
,True
,True
,True
,False
,True
,True
,False
,True
,False
,False
,False
,False
,False
,False
,True
,False
,False
,True
,True
,True
,True
,False
,True
,False
,True
,True
,True
,True
,True
,True
,False
,False
,False
,False
,False
,True
,False
,False
,False
,False
,True
,True
,False
,True
,False
,True
,False
,False
,False
,True
,False
,False
,False
,False
,False
,False
,False
,False
,True
,True
,True
,True
,True
,False
,False
,True
,False
,False
,True
,False
,False
,True
,False
,False
,True
,False
,False
,True
,False
,False
,True
,True
,False
,False
,True
,True
,False
,False
,False
,True
,False
,True
,False
,True
,False
,False
,False
,False
,True
,True
,True
,True
,True
,False
,False
,False
,True
,False
,True
,True
,True
,False
,False
,False
,True
,False
,False
,False
,False
,True
,True
,False
,False
,True
,True
,False
,False
,True
,False
,True
,True
,True
,False
,False
,False
,False
,False
,False
,True
,True
,True
,False
,True
,True
,True
,True
,True
,False
,True
,True
,False
,True
,False
,False
,False
,False
,False
,True
,False
,True
,False
,False
,False
,True
,False
,False
,False
,True
,True
,False
,False
,False
,False
,True
,False
,False
,False
,False
,False
,False
,True
,False
,True
,False
,True
,False
,False
,False
,True
,False
,True
,False
,True
,False
,True
,False
,True
,False
,False
,True
,False
,True
,False
,True
,True
,False
,False
,True
,False
,False
,True
,False
,False
,False
,True
,False
,False
,True
,True
,False
,False
,True
,False
,False
,False
,False
,False
,True
,True
,False
,True
,False
,False
,True
,False
,True
,False
,False
,False
,False
,True
,True
,False
,True
,False
,False
,True
,False
,True
,True
,False
,False
,True
,False
,True
,True
,False
,True
,False
,True
,True
,False
,False
,True
,False
,False
,True
,True
,False
,True
,False
,False
,True
,False
,True
,False
,True
,True
,False
,False
,False
,True
,False
,False
,False
,False
,False
,True
,False
,False
,False
,True
,False
,False
,False
,False
,True
,False
,False
,True
,False
,True
,True
,False
,False
,True
,True
,False
,False
,False
,False
,False
,False
,False
,False
,False
,False
,False
,True
,True
,False
,False
,False
,False
,False
,False
,False
,False
,True
,True
,True
,False
,True
,False
,False
,True
,True
,True
,True
,False
,False
,True
,True
,True
,False
,False
,False
,False
,False
,False
,False
,True
,False
,False
,False
,False
,False
,False
,True
,True
,True
,False
,False
,False
,False
,True
,True
,False
,False
,False
,False
,True
,False
,False
,True
,False
,True
,False
,True
,False
,True
,False
,False
,False
,False
,True
,False
,False
,True
,True
,True
,False
,False
,False
,False
,True
,False
,True
,True
,True
,True
,True
,False
,True
,True
,False
,False
,True
,False
,True
,True
,True
,True
,False
,True
,True
,True
,False
,False
,True
,False
,False
,False
,True
,False
,True
,False
,False
,False
,True
,False
,False
,False
,True
,False
,True
,False
,True
,True
,True
,False
,True
,False
,True
,False
,False
,True
,True
,True
,True
,False
,True
,False
,False
,False
,False
,False
,False
,True
,False
,True
,True
,False
,True
,False
,False
,True
,True
,False
,False
,False
,True
,False
,True
,False
,True
,False
,False
,True
,True
,False
,True
,True
,True
,True
,True
,False
,True
,False
,True
,False
,True
,False
,True
,False
,True
,True
,False
,True
,True
,True
,False
,True
,False
,False
,False
,False
,False
,False
,True
,True
,False
,True
,True
,False
,False
,True
,False
,False
,True
,False
,False
,True
,True
,False
,False
,True
,False
,False
,True
,True
,False
,False
,False
,False
,True
,False
,False
,True
,True
,True
,False
,False
